,Investments,Current Assets,Retirement,Houses,Savings,Available Total,Total
0,83104.63381577040000000000000,59938.64,626363.601527780,420000,58310.34,201353.6138157704000000000000,1247717.215343550400000000000
