Savings & Investments,Current Assets,3 Thorold Grove,Share Schemes,Retirement,available_total,total
63842.50254548490465496120866,41339.53,250000,26984.67607900,479313.158143780,105182.0325454849046549612087,861479.8667682649046549612087
