,year1,year3,year5
0,0.09131638043292217,0.03943539000414691,0.06415891717966615
