year1,year3,year5
0.011680263176665893,0.08044953726599555,0.09006492194243347
