,commodity_type,type_value,commodities,ideal_mix_percent,actual_percent,ideal_mix,change_required
0,UK equity,3318.195046,"RLAAKA, RLFTT",0.15,0.051975915069264925,9576.151881822736,6257.956835822736
1,UK property,1197.145542,LGAAIJ,0.03,0.018751982374137124,1915.230376364547,718.0848343645471
2,US equity,3544.7770314414047,MDHAAJ,0.25,0.0555250753411195,15960.253136371226,12415.476104929821
3,global bonds,6216.835554,"LGXITA, RWAABC",0.22,0.09737996479254903,14045.02276000668,7828.187206006679
4,global equity,18478.3534720435,"LGITI, SMT, VVDVWE",0.15,0.28944330196639967,9576.151881822736,-8902.201590220762
5,shares,31085.7059,"AZN, BARC",0.2,0.48692376045652974,12768.202509096982,-18317.503390903017
