,commodity_type,type_value,commodities,ideal_mix_percent,actual_percent,ideal_mix,change_required
0,diversified low risk,159370.55853460002,"AZ Diversified, BGDA",0.25,0.2544399807066801,156589.54038194503,-2781.018152654986
1,equity accumulation,414952.39047318,"AZ Drawdown, BGGE",0.75,0.6624842078548954,469768.6211458351,54816.2306726551
