year1,year3,year5
0.08356665657062061,0.04840390712350365,0.024511802399087786
