,year1,year3,year5
0,0.20410459846684742,0.05840956851070416,0.0701705705706548
